crn,name,email,department,batch
C23222,Aarav Sharma,student1@example.com,Computer Engineering,2027
C23223,Sample Student 2,student2@example.com,Information Technology,2027
C23224,Sample Student 3,student3@example.com,Computer Engineering,2027
C23225,Sample Student 4,student4@example.com,Information Technology,2027
C23226,Sample Student 5,student5@example.com,Computer Engineering,2027
C23227,Sample Student 6,student6@example.com,Information Technology,2027
C23228,Sample Student 7,student7@example.com,Computer Engineering,2027
C23229,Sample Student 8,student8@example.com,Information Technology,2027
C23230,Sample Student 9,student9@example.com,Computer Engineering,2027
C23231,Sample Student 10,student10@example.com,Information Technology,2027
C23232,Sample Student 11,student11@example.com,Computer Engineering,2027
C23233,Sample Student 12,student12@example.com,Information Technology,2027
C23234,Sample Student 13,student13@example.com,Computer Engineering,2027
C23235,Sample Student 14,student14@example.com,Information Technology,2027
C23236,Sample Student 15,student15@example.com,Computer Engineering,2027
C23237,Sample Student 16,student16@example.com,Information Technology,2027
C23238,Sample Student 17,student17@example.com,Computer Engineering,2027
C23239,Sample Student 18,student18@example.com,Information Technology,2027
C23240,Sample Student 19,student19@example.com,Computer Engineering,2027
C23241,Sample Student 20,student20@example.com,Information Technology,2027
C23242,Sample Student 21,student21@example.com,Computer Engineering,2027
C23243,Sample Student 22,student22@example.com,Information Technology,2027
C23244,Sample Student 23,student23@example.com,Computer Engineering,2027
C23245,Sample Student 24,student24@example.com,Information Technology,2027
C23246,Sample Student 25,student25@example.com,Computer Engineering,2027
C23247,Sample Student 26,student26@example.com,Information Technology,2027
C23248,Sample Student 27,student27@example.com,Computer Engineering,2027
C23249,Sample Student 28,student28@example.com,Information Technology,2027
C23250,Sample Student 29,student29@example.com,Computer Engineering,2027
C23251,Sample Student 30,student30@example.com,Information Technology,2027
C23252,Sample Student 31,student31@example.com,Computer Engineering,2027
C23253,Sample Student 32,student32@example.com,Information Technology,2027
C23254,Sample Student 33,student33@example.com,Computer Engineering,2027
C23255,Sample Student 34,student34@example.com,Information Technology,2027
C23256,Sample Student 35,student35@example.com,Computer Engineering,2027
C23257,Sample Student 36,student36@example.com,Information Technology,2027
C23258,Sample Student 37,student37@example.com,Computer Engineering,2027
C23259,Sample Student 38,student38@example.com,Information Technology,2027
C23260,Sample Student 39,student39@example.com,Computer Engineering,2027
C23261,Sample Student 40,student40@example.com,Information Technology,2027
C23262,Sample Student 41,student41@example.com,Computer Engineering,2027
C23263,Sample Student 42,student42@example.com,Information Technology,2027
C23264,Sample Student 43,student43@example.com,Computer Engineering,2027
C23265,Sample Student 44,student44@example.com,Information Technology,2027
C23266,Sample Student 45,student45@example.com,Computer Engineering,2027
C23267,Sample Student 46,student46@example.com,Information Technology,2027
C23268,Sample Student 47,student47@example.com,Computer Engineering,2027
C23269,Sample Student 48,student48@example.com,Information Technology,2027
C23270,Sample Student 49,student49@example.com,Computer Engineering,2027
C23271,Sample Student 50,student50@example.com,Information Technology,2027
C23272,Sample Student 51,student51@example.com,Computer Engineering,2027
C23273,Sample Student 52,student52@example.com,Information Technology,2027
C23274,Sample Student 53,student53@example.com,Computer Engineering,2027
C23275,Sample Student 54,student54@example.com,Information Technology,2027
C23276,Sample Student 55,student55@example.com,Computer Engineering,2027
C23277,Sample Student 56,student56@example.com,Information Technology,2027
C23278,Sample Student 57,student57@example.com,Computer Engineering,2027
C23279,Sample Student 58,student58@example.com,Information Technology,2027
C23280,Sample Student 59,student59@example.com,Computer Engineering,2027
C23281,Sample Student 60,student60@example.com,Information Technology,2027
C23282,Sample Student 61,student61@example.com,Computer Engineering,2027
C23283,Sample Student 62,student62@example.com,Information Technology,2027
C23284,Sample Student 63,student63@example.com,Computer Engineering,2027
C23285,Sample Student 64,student64@example.com,Information Technology,2027
C23286,Sample Student 65,student65@example.com,Computer Engineering,2027
C23287,Sample Student 66,student66@example.com,Information Technology,2027
C23288,Sample Student 67,student67@example.com,Computer Engineering,2027
C23289,Sample Student 68,student68@example.com,Information Technology,2027
C23290,Sample Student 69,student69@example.com,Computer Engineering,2027
C23291,Sample Student 70,student70@example.com,Information Technology,2027
C23292,Sample Student 71,student71@example.com,Computer Engineering,2027
C23293,Sample Student 72,student72@example.com,Information Technology,2027
C23294,Sample Student 73,student73@example.com,Computer Engineering,2027
C23295,Sample Student 74,student74@example.com,Information Technology,2027
C23296,Sample Student 75,student75@example.com,Computer Engineering,2027
C23297,Sample Student 76,student76@example.com,Information Technology,2027
C23298,Sample Student 77,student77@example.com,Computer Engineering,2027
C23299,Sample Student 78,student78@example.com,Information Technology,2027
C23300,Sample Student 79,student79@example.com,Computer Engineering,2027
C23301,Sample Student 80,student80@example.com,Information Technology,2027
C23302,Sample Student 81,student81@example.com,Computer Engineering,2027
C23303,Sample Student 82,student82@example.com,Information Technology,2027
C23304,Sample Student 83,student83@example.com,Computer Engineering,2027
C23305,Sample Student 84,student84@example.com,Information Technology,2027
C23306,Sample Student 85,student85@example.com,Computer Engineering,2027
C23307,Sample Student 86,student86@example.com,Information Technology,2027
C23308,Sample Student 87,student87@example.com,Computer Engineering,2027
C23309,Sample Student 88,student88@example.com,Information Technology,2027
C23310,Sample Student 89,student89@example.com,Computer Engineering,2027
C23311,Sample Student 90,student90@example.com,Information Technology,2027
C23312,Sample Student 91,student91@example.com,Computer Engineering,2027
C23313,Sample Student 92,student92@example.com,Information Technology,2027
C23314,Sample Student 93,student93@example.com,Computer Engineering,2027
C23315,Sample Student 94,student94@example.com,Information Technology,2027
C23316,Sample Student 95,student95@example.com,Computer Engineering,2027
C23317,Sample Student 96,student96@example.com,Information Technology,2027
C23318,Sample Student 97,student97@example.com,Computer Engineering,2027
C23319,Sample Student 98,student98@example.com,Information Technology,2027
C23320,Sample Student 99,student99@example.com,Computer Engineering,2027
C23321,Sample Student 100,student100@example.com,Information Technology,2027
C23322,Sample Student 101,student101@example.com,Computer Engineering,2027
C23323,Sample Student 102,student102@example.com,Information Technology,2027
C23324,Sample Student 103,student103@example.com,Computer Engineering,2027
C23325,Sample Student 104,student104@example.com,Information Technology,2027
C23326,Sample Student 105,student105@example.com,Computer Engineering,2027
C23327,Sample Student 106,student106@example.com,Information Technology,2027
C23328,Sample Student 107,student107@example.com,Computer Engineering,2027
C23329,Sample Student 108,student108@example.com,Information Technology,2027
C23330,Sample Student 109,student109@example.com,Computer Engineering,2027
C23331,Sample Student 110,student110@example.com,Information Technology,2027
C23332,Sample Student 111,student111@example.com,Computer Engineering,2027
C23333,Sample Student 112,student112@example.com,Information Technology,2027
C23334,Sample Student 113,student113@example.com,Computer Engineering,2027
C23335,Sample Student 114,student114@example.com,Information Technology,2027
C23336,Sample Student 115,student115@example.com,Computer Engineering,2027
C23337,Sample Student 116,student116@example.com,Information Technology,2027
C23338,Sample Student 117,student117@example.com,Computer Engineering,2027
C23339,Sample Student 118,student118@example.com,Information Technology,2027
C23340,Sample Student 119,student119@example.com,Computer Engineering,2027
C23341,Sample Student 120,student120@example.com,Information Technology,2027
C23342,Sample Student 121,student121@example.com,Computer Engineering,2027
C23343,Sample Student 122,student122@example.com,Information Technology,2027
C23344,Sample Student 123,student123@example.com,Computer Engineering,2027
C23345,Sample Student 124,student124@example.com,Information Technology,2027
C23346,Sample Student 125,student125@example.com,Computer Engineering,2027
C23347,Sample Student 126,student126@example.com,Information Technology,2027
C23348,Sample Student 127,student127@example.com,Computer Engineering,2027
C23349,Sample Student 128,student128@example.com,Information Technology,2027
C23350,Sample Student 129,student129@example.com,Computer Engineering,2027
C23351,Sample Student 130,student130@example.com,Information Technology,2027
C23352,Sample Student 131,student131@example.com,Computer Engineering,2027
C23353,Sample Student 132,student132@example.com,Information Technology,2027
C23354,Sample Student 133,student133@example.com,Computer Engineering,2027
C23355,Sample Student 134,student134@example.com,Information Technology,2027
C23356,Sample Student 135,student135@example.com,Computer Engineering,2027
C23357,Sample Student 136,student136@example.com,Information Technology,2027
C23358,Sample Student 137,student137@example.com,Computer Engineering,2027
C23359,Sample Student 138,student138@example.com,Information Technology,2027
C23360,Sample Student 139,student139@example.com,Computer Engineering,2027
C23361,Sample Student 140,student140@example.com,Information Technology,2027
C23362,Sample Student 141,student141@example.com,Computer Engineering,2027
C23363,Sample Student 142,student142@example.com,Information Technology,2027
C23364,Sample Student 143,student143@example.com,Computer Engineering,2027
C23365,Sample Student 144,student144@example.com,Information Technology,2027
C23366,Sample Student 145,student145@example.com,Computer Engineering,2027
C23367,Sample Student 146,student146@example.com,Information Technology,2027
C23368,Sample Student 147,student147@example.com,Computer Engineering,2027
C23369,Sample Student 148,student148@example.com,Information Technology,2027
C23370,Sample Student 149,student149@example.com,Computer Engineering,2027
C23371,Sample Student 150,student150@example.com,Information Technology,2027
C23372,Sample Student 151,student151@example.com,Computer Engineering,2027
C23373,Sample Student 152,student152@example.com,Information Technology,2027
C23374,Sample Student 153,student153@example.com,Computer Engineering,2027
C23375,Sample Student 154,student154@example.com,Information Technology,2027
C23376,Sample Student 155,student155@example.com,Computer Engineering,2027
C23377,Sample Student 156,student156@example.com,Information Technology,2027
C23378,Sample Student 157,student157@example.com,Computer Engineering,2027
C23379,Sample Student 158,student158@example.com,Information Technology,2027
C23380,Sample Student 159,student159@example.com,Computer Engineering,2027
C23381,Sample Student 160,student160@example.com,Information Technology,2027
C23382,Sample Student 161,student161@example.com,Computer Engineering,2027
C23383,Sample Student 162,student162@example.com,Information Technology,2027
C23384,Sample Student 163,student163@example.com,Computer Engineering,2027
C23385,Sample Student 164,student164@example.com,Information Technology,2027
C23386,Sample Student 165,student165@example.com,Computer Engineering,2027
C23387,Sample Student 166,student166@example.com,Information Technology,2027
C23388,Sample Student 167,student167@example.com,Computer Engineering,2027
C23389,Sample Student 168,student168@example.com,Information Technology,2027
C23390,Sample Student 169,student169@example.com,Computer Engineering,2027
C23391,Sample Student 170,student170@example.com,Information Technology,2027
C23392,Sample Student 171,student171@example.com,Computer Engineering,2027
C23393,Sample Student 172,student172@example.com,Information Technology,2027
C23394,Sample Student 173,student173@example.com,Computer Engineering,2027
C23395,Sample Student 174,student174@example.com,Information Technology,2027
C23396,Sample Student 175,student175@example.com,Computer Engineering,2027
C23397,Sample Student 176,student176@example.com,Information Technology,2027
C23398,Sample Student 177,student177@example.com,Computer Engineering,2027
C23399,Sample Student 178,student178@example.com,Information Technology,2027
C23400,Sample Student 179,student179@example.com,Computer Engineering,2027
C23401,Sample Student 180,student180@example.com,Information Technology,2027
C23402,Sample Student 181,student181@example.com,Computer Engineering,2027
C23403,Sample Student 182,student182@example.com,Information Technology,2027
C23404,Sample Student 183,student183@example.com,Computer Engineering,2027
C23405,Sample Student 184,student184@example.com,Information Technology,2027
C23406,Sample Student 185,student185@example.com,Computer Engineering,2027
C23407,Sample Student 186,student186@example.com,Information Technology,2027
C23408,Sample Student 187,student187@example.com,Computer Engineering,2027
C23409,Sample Student 188,student188@example.com,Information Technology,2027
C23410,Sample Student 189,student189@example.com,Computer Engineering,2027
C23411,Sample Student 190,student190@example.com,Information Technology,2027
C23412,Sample Student 191,student191@example.com,Computer Engineering,2027
C23413,Sample Student 192,student192@example.com,Information Technology,2027
C23414,Sample Student 193,student193@example.com,Computer Engineering,2027
C23415,Sample Student 194,student194@example.com,Information Technology,2027
C23416,Sample Student 195,student195@example.com,Computer Engineering,2027
C23417,Sample Student 196,student196@example.com,Information Technology,2027
C23418,Sample Student 197,student197@example.com,Computer Engineering,2027
C23419,Sample Student 198,student198@example.com,Information Technology,2027
C23420,Sample Student 199,student199@example.com,Computer Engineering,2027
C23421,Sample Student 200,student200@example.com,Information Technology,2027
C23422,Sample Student 201,student201@example.com,Computer Engineering,2027
C23423,Sample Student 202,student202@example.com,Information Technology,2027
C23424,Sample Student 203,student203@example.com,Computer Engineering,2027
C23425,Sample Student 204,student204@example.com,Information Technology,2027
C23426,Sample Student 205,student205@example.com,Computer Engineering,2027
C23427,Sample Student 206,student206@example.com,Information Technology,2027
C23428,Sample Student 207,student207@example.com,Computer Engineering,2027
C23429,Sample Student 208,student208@example.com,Information Technology,2027
C23430,Sample Student 209,student209@example.com,Computer Engineering,2027
C23431,Sample Student 210,student210@example.com,Information Technology,2027
C23432,Sample Student 211,student211@example.com,Computer Engineering,2027
C23433,Sample Student 212,student212@example.com,Information Technology,2027
C23434,Sample Student 213,student213@example.com,Computer Engineering,2027
C23435,Sample Student 214,student214@example.com,Information Technology,2027
C23436,Sample Student 215,student215@example.com,Computer Engineering,2027
C23437,Sample Student 216,student216@example.com,Information Technology,2027
C23438,Sample Student 217,student217@example.com,Computer Engineering,2027
C23439,Sample Student 218,student218@example.com,Information Technology,2027
C23440,Sample Student 219,student219@example.com,Computer Engineering,2027
C23441,Sample Student 220,student220@example.com,Information Technology,2027
C23442,Sample Student 221,student221@example.com,Computer Engineering,2027
C23443,Sample Student 222,student222@example.com,Information Technology,2027
C23444,Sample Student 223,student223@example.com,Computer Engineering,2027
C23445,Sample Student 224,student224@example.com,Information Technology,2027
C23446,Sample Student 225,student225@example.com,Computer Engineering,2027
C23447,Sample Student 226,student226@example.com,Information Technology,2027
C23448,Sample Student 227,student227@example.com,Computer Engineering,2027
C23449,Sample Student 228,student228@example.com,Information Technology,2027
C23450,Sample Student 229,student229@example.com,Computer Engineering,2027
C23451,Sample Student 230,student230@example.com,Information Technology,2027
C23452,Sample Student 231,student231@example.com,Computer Engineering,2027
C23453,Sample Student 232,student232@example.com,Information Technology,2027
C23454,Sample Student 233,student233@example.com,Computer Engineering,2027
C23455,Sample Student 234,student234@example.com,Information Technology,2027
C23456,Sample Student 235,student235@example.com,Computer Engineering,2027
C23457,Sample Student 236,student236@example.com,Information Technology,2027
C23458,Sample Student 237,student237@example.com,Computer Engineering,2027
C23459,Sample Student 238,student238@example.com,Information Technology,2027
C23460,Sample Student 239,student239@example.com,Computer Engineering,2027
C23461,Sample Student 240,student240@example.com,Information Technology,2027
C23462,Sample Student 241,student241@example.com,Computer Engineering,2027
C23463,Sample Student 242,student242@example.com,Information Technology,2027
C23464,Sample Student 243,student243@example.com,Computer Engineering,2027
C23465,Sample Student 244,student244@example.com,Information Technology,2027
C23466,Sample Student 245,student245@example.com,Computer Engineering,2027
C23467,Sample Student 246,student246@example.com,Information Technology,2027
C23468,Sample Student 247,student247@example.com,Computer Engineering,2027
C23469,Sample Student 248,student248@example.com,Information Technology,2027
C23470,Sample Student 249,student249@example.com,Computer Engineering,2027
C23471,Sample Student 250,student250@example.com,Information Technology,2027
C23472,Sample Student 251,student251@example.com,Computer Engineering,2027
C23473,Sample Student 252,student252@example.com,Information Technology,2027
C23474,Sample Student 253,student253@example.com,Computer Engineering,2027
C23475,Sample Student 254,student254@example.com,Information Technology,2027
C23476,Sample Student 255,student255@example.com,Computer Engineering,2027
C23477,Sample Student 256,student256@example.com,Information Technology,2027
C23478,Sample Student 257,student257@example.com,Computer Engineering,2027
C23479,Sample Student 258,student258@example.com,Information Technology,2027
C23480,Sample Student 259,student259@example.com,Computer Engineering,2027
C23481,Sample Student 260,student260@example.com,Information Technology,2027
C23482,Sample Student 261,student261@example.com,Computer Engineering,2027
C23483,Sample Student 262,student262@example.com,Information Technology,2027
C23484,Sample Student 263,student263@example.com,Computer Engineering,2027
C23485,Sample Student 264,student264@example.com,Information Technology,2027
C23486,Sample Student 265,student265@example.com,Computer Engineering,2027
C23487,Sample Student 266,student266@example.com,Information Technology,2027
C23488,Sample Student 267,student267@example.com,Computer Engineering,2027
C23489,Sample Student 268,student268@example.com,Information Technology,2027
C23490,Sample Student 269,student269@example.com,Computer Engineering,2027
C23491,Sample Student 270,student270@example.com,Information Technology,2027
C23492,Sample Student 271,student271@example.com,Computer Engineering,2027
C23493,Sample Student 272,student272@example.com,Information Technology,2027
C23494,Sample Student 273,student273@example.com,Computer Engineering,2027
C23495,Sample Student 274,student274@example.com,Information Technology,2027
C23496,Sample Student 275,student275@example.com,Computer Engineering,2027
C23497,Sample Student 276,student276@example.com,Information Technology,2027
C23498,Sample Student 277,student277@example.com,Computer Engineering,2027
C23499,Sample Student 278,student278@example.com,Information Technology,2027
C23500,Sample Student 279,student279@example.com,Computer Engineering,2027
C23501,Sample Student 280,student280@example.com,Information Technology,2027
C23502,Sample Student 281,student281@example.com,Computer Engineering,2027
C23503,Sample Student 282,student282@example.com,Information Technology,2027
C23504,Sample Student 283,student283@example.com,Computer Engineering,2027
C23505,Sample Student 284,student284@example.com,Information Technology,2027
C23506,Sample Student 285,student285@example.com,Computer Engineering,2027
C23507,Sample Student 286,student286@example.com,Information Technology,2027
C23508,Sample Student 287,student287@example.com,Computer Engineering,2027
C23509,Sample Student 288,student288@example.com,Information Technology,2027
C23510,Sample Student 289,student289@example.com,Computer Engineering,2027
C23511,Sample Student 290,student290@example.com,Information Technology,2027
C23512,Sample Student 291,student291@example.com,Computer Engineering,2027
C23513,Sample Student 292,student292@example.com,Information Technology,2027
C23514,Sample Student 293,student293@example.com,Computer Engineering,2027
C23515,Sample Student 294,student294@example.com,Information Technology,2027
C23516,Sample Student 295,student295@example.com,Computer Engineering,2027
C23517,Sample Student 296,student296@example.com,Information Technology,2027
C23518,Sample Student 297,student297@example.com,Computer Engineering,2027
C23519,Sample Student 298,student298@example.com,Information Technology,2027
C23520,Sample Student 299,student299@example.com,Computer Engineering,2027
C23521,Sample Student 300,student300@example.com,Information Technology,2027
C23522,Sample Student 301,student301@example.com,Computer Engineering,2027
C23523,Sample Student 302,student302@example.com,Information Technology,2027
C23524,Sample Student 303,student303@example.com,Computer Engineering,2027
C23525,Sample Student 304,student304@example.com,Information Technology,2027
C23526,Sample Student 305,student305@example.com,Computer Engineering,2027
C23527,Sample Student 306,student306@example.com,Information Technology,2027
C23528,Sample Student 307,student307@example.com,Computer Engineering,2027
C23529,Sample Student 308,student308@example.com,Information Technology,2027
C23530,Sample Student 309,student309@example.com,Computer Engineering,2027
C23531,Sample Student 310,student310@example.com,Information Technology,2027
C23532,Sample Student 311,student311@example.com,Computer Engineering,2027
C23533,Sample Student 312,student312@example.com,Information Technology,2027
C23534,Sample Student 313,student313@example.com,Computer Engineering,2027
C23535,Sample Student 314,student314@example.com,Information Technology,2027
C23536,Sample Student 315,student315@example.com,Computer Engineering,2027
C23537,Sample Student 316,student316@example.com,Information Technology,2027
C23538,Sample Student 317,student317@example.com,Computer Engineering,2027
C23539,Sample Student 318,student318@example.com,Information Technology,2027
C23540,Sample Student 319,student319@example.com,Computer Engineering,2027
C23541,Sample Student 320,student320@example.com,Information Technology,2027
C23542,Sample Student 321,student321@example.com,Computer Engineering,2027
C23543,Sample Student 322,student322@example.com,Information Technology,2027
C23544,Sample Student 323,student323@example.com,Computer Engineering,2027
C23545,Sample Student 324,student324@example.com,Information Technology,2027
C23546,Sample Student 325,student325@example.com,Computer Engineering,2027
C23547,Sample Student 326,student326@example.com,Information Technology,2027
C23548,Sample Student 327,student327@example.com,Computer Engineering,2027
C23549,Sample Student 328,student328@example.com,Information Technology,2027
C23550,Sample Student 329,student329@example.com,Computer Engineering,2027
C23551,Sample Student 330,student330@example.com,Information Technology,2027
C23552,Sample Student 331,student331@example.com,Computer Engineering,2027
C23553,Sample Student 332,student332@example.com,Information Technology,2027
C23554,Sample Student 333,student333@example.com,Computer Engineering,2027
C23555,Sample Student 334,student334@example.com,Information Technology,2027
C23556,Sample Student 335,student335@example.com,Computer Engineering,2027
C23557,Sample Student 336,student336@example.com,Information Technology,2027
C23558,Sample Student 337,student337@example.com,Computer Engineering,2027
C23559,Sample Student 338,student338@example.com,Information Technology,2027
C23560,Sample Student 339,student339@example.com,Computer Engineering,2027
C23561,Sample Student 340,student340@example.com,Information Technology,2027
C23562,Sample Student 341,student341@example.com,Computer Engineering,2027
C23563,Sample Student 342,student342@example.com,Information Technology,2027
C23564,Sample Student 343,student343@example.com,Computer Engineering,2027
C23565,Sample Student 344,student344@example.com,Information Technology,2027
C23566,Sample Student 345,student345@example.com,Computer Engineering,2027
C23567,Sample Student 346,student346@example.com,Information Technology,2027
C23568,Sample Student 347,student347@example.com,Computer Engineering,2027
C23569,Sample Student 348,student348@example.com,Information Technology,2027
C23570,Sample Student 349,student349@example.com,Computer Engineering,2027
C23571,Sample Student 350,student350@example.com,Information Technology,2027
C23572,Sample Student 351,student351@example.com,Computer Engineering,2027
C23573,Sample Student 352,student352@example.com,Information Technology,2027
C23574,Sample Student 353,student353@example.com,Computer Engineering,2027
C23575,Sample Student 354,student354@example.com,Information Technology,2027
C23576,Sample Student 355,student355@example.com,Computer Engineering,2027
C23577,Sample Student 356,student356@example.com,Information Technology,2027
C23578,Sample Student 357,student357@example.com,Computer Engineering,2027
C23579,Sample Student 358,student358@example.com,Information Technology,2027
C23580,Sample Student 359,student359@example.com,Computer Engineering,2027
C23581,Sample Student 360,student360@example.com,Information Technology,2027
C23582,Sample Student 361,student361@example.com,Computer Engineering,2027
C23583,Sample Student 362,student362@example.com,Information Technology,2027
C23584,Sample Student 363,student363@example.com,Computer Engineering,2027
C23585,Sample Student 364,student364@example.com,Information Technology,2027
C23586,Sample Student 365,student365@example.com,Computer Engineering,2027
C23587,Sample Student 366,student366@example.com,Information Technology,2027
C23588,Sample Student 367,student367@example.com,Computer Engineering,2027
C23589,Sample Student 368,student368@example.com,Information Technology,2027
C23590,Sample Student 369,student369@example.com,Computer Engineering,2027
C23591,Sample Student 370,student370@example.com,Information Technology,2027
C23592,Sample Student 371,student371@example.com,Computer Engineering,2027
C23593,Sample Student 372,student372@example.com,Information Technology,2027
C23594,Sample Student 373,student373@example.com,Computer Engineering,2027
C23595,Sample Student 374,student374@example.com,Information Technology,2027
C23596,Sample Student 375,student375@example.com,Computer Engineering,2027
C23597,Sample Student 376,student376@example.com,Information Technology,2027
C23598,Sample Student 377,student377@example.com,Computer Engineering,2027
C23599,Sample Student 378,student378@example.com,Information Technology,2027
C23600,Sample Student 379,student379@example.com,Computer Engineering,2027
C23601,Sample Student 380,student380@example.com,Information Technology,2027
C23602,Sample Student 381,student381@example.com,Computer Engineering,2027
C23603,Sample Student 382,student382@example.com,Information Technology,2027
C23604,Sample Student 383,student383@example.com,Computer Engineering,2027
C23605,Sample Student 384,student384@example.com,Information Technology,2027
C23606,Sample Student 385,student385@example.com,Computer Engineering,2027
C23607,Sample Student 386,student386@example.com,Information Technology,2027
C23608,Sample Student 387,student387@example.com,Computer Engineering,2027
C23609,Sample Student 388,student388@example.com,Information Technology,2027
C23610,Sample Student 389,student389@example.com,Computer Engineering,2027
C23611,Sample Student 390,student390@example.com,Information Technology,2027
C23612,Sample Student 391,student391@example.com,Computer Engineering,2027
C23613,Sample Student 392,student392@example.com,Information Technology,2027
C23614,Sample Student 393,student393@example.com,Computer Engineering,2027
C23615,Sample Student 394,student394@example.com,Information Technology,2027
C23616,Sample Student 395,student395@example.com,Computer Engineering,2027
C23617,Sample Student 396,student396@example.com,Information Technology,2027
C23618,Sample Student 397,student397@example.com,Computer Engineering,2027
C23619,Sample Student 398,student398@example.com,Information Technology,2027
C23620,Sample Student 399,student399@example.com,Computer Engineering,2027
C23621,Sample Student 400,student400@example.com,Information Technology,2027
C23622,Sample Student 401,student401@example.com,Computer Engineering,2027
C23623,Sample Student 402,student402@example.com,Information Technology,2027
C23624,Sample Student 403,student403@example.com,Computer Engineering,2027
C23625,Sample Student 404,student404@example.com,Information Technology,2027
C23626,Sample Student 405,student405@example.com,Computer Engineering,2027
C23627,Sample Student 406,student406@example.com,Information Technology,2027
C23628,Sample Student 407,student407@example.com,Computer Engineering,2027
C23629,Sample Student 408,student408@example.com,Information Technology,2027
C23630,Sample Student 409,student409@example.com,Computer Engineering,2027
C23631,Sample Student 410,student410@example.com,Information Technology,2027
C23632,Sample Student 411,student411@example.com,Computer Engineering,2027
C23633,Sample Student 412,student412@example.com,Information Technology,2027
C23634,Sample Student 413,student413@example.com,Computer Engineering,2027
C23635,Sample Student 414,student414@example.com,Information Technology,2027
C23636,Sample Student 415,student415@example.com,Computer Engineering,2027
C23637,Sample Student 416,student416@example.com,Information Technology,2027
C23638,Sample Student 417,student417@example.com,Computer Engineering,2027
C23639,Sample Student 418,student418@example.com,Information Technology,2027
C23640,Sample Student 419,student419@example.com,Computer Engineering,2027
C23641,Sample Student 420,student420@example.com,Information Technology,2027
C23642,Sample Student 421,student421@example.com,Computer Engineering,2027
C23643,Sample Student 422,student422@example.com,Information Technology,2027
C23644,Sample Student 423,student423@example.com,Computer Engineering,2027
C23645,Sample Student 424,student424@example.com,Information Technology,2027
C23646,Sample Student 425,student425@example.com,Computer Engineering,2027
C23647,Sample Student 426,student426@example.com,Information Technology,2027
C23648,Sample Student 427,student427@example.com,Computer Engineering,2027
C23649,Sample Student 428,student428@example.com,Information Technology,2027
C23650,Sample Student 429,student429@example.com,Computer Engineering,2027
C23651,Sample Student 430,student430@example.com,Information Technology,2027
C23652,Sample Student 431,student431@example.com,Computer Engineering,2027
C23653,Sample Student 432,student432@example.com,Information Technology,2027
C23654,Sample Student 433,student433@example.com,Computer Engineering,2027
C23655,Sample Student 434,student434@example.com,Information Technology,2027
C23656,Sample Student 435,student435@example.com,Computer Engineering,2027
C23657,Sample Student 436,student436@example.com,Information Technology,2027
C23658,Sample Student 437,student437@example.com,Computer Engineering,2027
C23659,Sample Student 438,student438@example.com,Information Technology,2027
C23660,Sample Student 439,student439@example.com,Computer Engineering,2027
C23661,Sample Student 440,student440@example.com,Information Technology,2027
C23662,Sample Student 441,student441@example.com,Computer Engineering,2027
C23663,Sample Student 442,student442@example.com,Information Technology,2027
C23664,Sample Student 443,student443@example.com,Computer Engineering,2027
C23665,Sample Student 444,student444@example.com,Information Technology,2027
C23666,Sample Student 445,student445@example.com,Computer Engineering,2027
C23667,Sample Student 446,student446@example.com,Information Technology,2027
C23668,Sample Student 447,student447@example.com,Computer Engineering,2027
C23669,Sample Student 448,student448@example.com,Information Technology,2027
C23670,Sample Student 449,student449@example.com,Computer Engineering,2027
C23671,Sample Student 450,student450@example.com,Information Technology,2027
C23672,Sample Student 451,student451@example.com,Computer Engineering,2027
C23673,Sample Student 452,student452@example.com,Information Technology,2027
C23674,Sample Student 453,student453@example.com,Computer Engineering,2027
C23675,Sample Student 454,student454@example.com,Information Technology,2027
C23676,Sample Student 455,student455@example.com,Computer Engineering,2027
C23677,Sample Student 456,student456@example.com,Information Technology,2027
C23678,Sample Student 457,student457@example.com,Computer Engineering,2027
C23679,Sample Student 458,student458@example.com,Information Technology,2027
C23680,Sample Student 459,student459@example.com,Computer Engineering,2027
C23681,Sample Student 460,student460@example.com,Information Technology,2027
C23682,Sample Student 461,student461@example.com,Computer Engineering,2027
C23683,Sample Student 462,student462@example.com,Information Technology,2027
C23684,Sample Student 463,student463@example.com,Computer Engineering,2027
C23685,Sample Student 464,student464@example.com,Information Technology,2027
C23686,Sample Student 465,student465@example.com,Computer Engineering,2027
C23687,Sample Student 466,student466@example.com,Information Technology,2027
C23688,Sample Student 467,student467@example.com,Computer Engineering,2027
C23689,Sample Student 468,student468@example.com,Information Technology,2027
C23690,Sample Student 469,student469@example.com,Computer Engineering,2027
C23691,Sample Student 470,student470@example.com,Information Technology,2027
C23692,Sample Student 471,student471@example.com,Computer Engineering,2027
C23693,Sample Student 472,student472@example.com,Information Technology,2027
C23694,Sample Student 473,student473@example.com,Computer Engineering,2027
C23695,Sample Student 474,student474@example.com,Information Technology,2027
C23696,Sample Student 475,student475@example.com,Computer Engineering,2027
C23697,Sample Student 476,student476@example.com,Information Technology,2027
C23698,Sample Student 477,student477@example.com,Computer Engineering,2027
C23699,Sample Student 478,student478@example.com,Information Technology,2027
C23700,Sample Student 479,student479@example.com,Computer Engineering,2027
C23701,Sample Student 480,student480@example.com,Information Technology,2027
C23702,Sample Student 481,student481@example.com,Computer Engineering,2027
C23703,Sample Student 482,student482@example.com,Information Technology,2027
C23704,Sample Student 483,student483@example.com,Computer Engineering,2027
C23705,Sample Student 484,student484@example.com,Information Technology,2027
C23706,Sample Student 485,student485@example.com,Computer Engineering,2027
C23707,Sample Student 486,student486@example.com,Information Technology,2027
C23708,Sample Student 487,student487@example.com,Computer Engineering,2027
C23709,Sample Student 488,student488@example.com,Information Technology,2027
C23710,Sample Student 489,student489@example.com,Computer Engineering,2027
C23711,Sample Student 490,student490@example.com,Information Technology,2027
C23712,Sample Student 491,student491@example.com,Computer Engineering,2027
C23713,Sample Student 492,student492@example.com,Information Technology,2027
C23714,Sample Student 493,student493@example.com,Computer Engineering,2027
C23715,Sample Student 494,student494@example.com,Information Technology,2027
C23716,Sample Student 495,student495@example.com,Computer Engineering,2027
C23717,Sample Student 496,student496@example.com,Information Technology,2027
C23718,Sample Student 497,student497@example.com,Computer Engineering,2027
C23719,Sample Student 498,student498@example.com,Information Technology,2027
C23720,Sample Student 499,student499@example.com,Computer Engineering,2027
C23721,Sample Student 500,student500@example.com,Information Technology,2027
